﻿<parameters>
  <parameter name="IIS Web Application Name" defaultValue="Default Web Site/Goudgeel/Acceptatie/PcSWinkelen" tags="IisApp">
    <parameterEntry kind="ProviderPath" scope="IisApp" match="^C:\\GIT\\Goudgeel\\05-PcSWinkelen\\Case3\.PcSWinkelen\.Host\\obj\\Acceptatie\\Package\\PackageTmp$" />
    <parameterEntry kind="ProviderPath" scope="setAcl" match="^C:\\GIT\\Goudgeel\\05-PcSWinkelen\\Case3\.PcSWinkelen\.Host\\obj\\Acceptatie\\Package\\PackageTmp$" />
  </parameter>
  <parameter name="PcSWinkelenDB-Deployment-Deployment Connection String" defaultValue="Data Source=.\SQLEXPRESS;Initial Catalog=Goudgeel_PcSWinkelenDB_Acceptatie;Integrated Security=True" tags="SqlConnectionString">
    <parameterEntry kind="ProviderPath" scope="DbFullSql" match="^C:\\GIT\\Goudgeel\\99-Shared\\DropTablesIfExist\.sql$" />
    <parameterEntry kind="ProviderPath" scope="DbFullSql" match="^C:\\GIT\\Goudgeel\\99-Shared\\GRANTscript\.sql$" />
  </parameter>
  <parameter name="PcSWinkelenDB-Web.config Connection String" description="PcSWinkelenDB Connection String used in web.config by the application to access the database." defaultValue="Data Source=.\SQLEXPRESS;Initial Catalog=Goudgeel_PcSWinkelenDB;Integrated Security=true" tags="SqlConnectionString">
    <parameterEntry kind="XmlFile" scope="C:\\GIT\\Goudgeel\\05-PcSWinkelen\\Case3\.PcSWinkelen\.Host\\obj\\Acceptatie\\Package\\PackageTmp\\Web\.config$" match="/configuration/connectionStrings/add[@name='PcSWinkelenDB']/@connectionString" />
  </parameter>
</parameters>