﻿<parameters>
  <parameter name="IIS Web Application Name" defaultValue="Default Web Site\Goudgeel\Acceptatie\Webwinkel" tags="IisApp">
    <parameterEntry kind="ProviderPath" scope="IisApp" match="^C:\\GIT\\Goudgeel\\01-FEWebwinkel\\Case3\.FEWebwinkel\.Site\\obj\\Acceptatie\\Package\\PackageTmp$" />
    <parameterEntry kind="ProviderPath" scope="setAcl" match="^C:\\GIT\\Goudgeel\\01-FEWebwinkel\\Case3\.FEWebwinkel\.Site\\obj\\Acceptatie\\Package\\PackageTmp$" />
  </parameter>
  <parameter name="FEWebwinkelDB-Deployment-Deployment Connection String" defaultValue="Data Source=.\SQLEXPRESS;Initial Catalog=Goudgeel_FEWebwinkel_AcceptatieDB;Integrated Security=True" tags="SqlConnectionString">
    <parameterEntry kind="ProviderPath" scope="DbFullSql" match="^C:\\GIT\\Goudgeel\\01-FEWebwinkel\\Case3\.FEWebwinkel\.Site\\obj\\Acceptatie\\AutoScripts\\FEWebwinkelDB-Deployment_SchemaOnly\.sql$" />
    <parameterEntry kind="ProviderPath" scope="DbFullSql" match="^C:\\GIT\\Goudgeel\\99-Shared\\GRANTscript\.sql$" />
  </parameter>
  <parameter name="FEWebwinkelDB-Web.config Connection String" description="FEWebwinkelDB Connection String used in web.config by the application to access the database." defaultValue="Data Source=.\SQLEXPRESS;Initial Catalog=Goudgeel_FEWebwinkel_AcceptatieDB;Integrated Security=true" tags="SqlConnectionString">
    <parameterEntry kind="XmlFile" scope="C:\\GIT\\Goudgeel\\01-FEWebwinkel\\Case3\.FEWebwinkel\.Site\\obj\\Acceptatie\\Package\\PackageTmp\\Web\.config$" match="/configuration/connectionStrings/add[@name='FEWebwinkelDB']/@connectionString" />
  </parameter>
</parameters>