﻿<parameters>
  <parameter name="IIS Web Application Name" defaultValue="Default Web Site/Goudgeel/Acceptatie/BSBestellingenBeheer" tags="IisApp">
    <parameterEntry kind="ProviderPath" scope="IisApp" match="^C:\\GIT\\Goudgeel\\04-BSBestellingenbeheer\\Case3\.BSBestellingenbeheer\.Host\\obj\\Acceptatie\\Package\\PackageTmp$" />
    <parameterEntry kind="ProviderPath" scope="setAcl" match="^C:\\GIT\\Goudgeel\\04-BSBestellingenbeheer\\Case3\.BSBestellingenbeheer\.Host\\obj\\Acceptatie\\Package\\PackageTmp$" />
  </parameter>
  <parameter name="BestellingContext-Deployment-Deployment Connection String" defaultValue="Data Source=.\SQLEXPRESS;Initial Catalog=GoudGeel_BSBestellingenBeheer_Acceptatie;Integrated Security=True" tags="SqlConnectionString">
    <parameterEntry kind="ProviderPath" scope="DbFullSql" match="^C:\\GIT\\Goudgeel\\99-Shared\\GRANTscriptBSBestellingenBeheer\.sql$" />
  </parameter>
  <parameter name="BestellingContext-Web.config Connection String" description="BestellingContext Connection String used in web.config by the application to access the database." defaultValue="Data Source=.\SQLEXPRESS;Initial Catalog=GoudGeel_BSBestellingenBeheer_Acceptatie;Integrated Security=true" tags="SqlConnectionString">
    <parameterEntry kind="XmlFile" scope="C:\\GIT\\Goudgeel\\04-BSBestellingenbeheer\\Case3\.BSBestellingenbeheer\.Host\\obj\\Acceptatie\\Package\\PackageTmp\\Web\.config$" match="/configuration/connectionStrings/add[@name='BestellingContext']/@connectionString" />
  </parameter>
</parameters>